{
    "keep": {
        "days": true,
        "amount": 14
    },
    "auditLog": "D:\\DEVLOPMENT\\www\\htdocs\\other_projects\\mantra-setu\\23112025\\backend\\logs\\.52a6af7230956289f2eb33026a5cfd6504a1228b-audit.json",
    "files": [
        {
            "date": 1763897976100,
            "name": "D:\\DEVLOPMENT\\www\\htdocs\\other_projects\\mantra-setu\\23112025\\backend\\logs\\error-2025-11-23.log",
            "hash": "6ba17d1530c9e24658b8fde18a1b5eea798fe2e956b7dd584f53907c36a33640"
        }
    ],
    "hashType": "sha256"
}