{
    "keep": {
        "days": true,
        "amount": 14
    },
    "auditLog": "D:\\DEVLOPMENT\\www\\htdocs\\other_projects\\mantra-setu\\23112025\\backend\\logs\\.7fc24a16f9f70c6fb2a84be46b6e7adc0ac89131-audit.json",
    "files": [
        {
            "date": 1763897976102,
            "name": "D:\\DEVLOPMENT\\www\\htdocs\\other_projects\\mantra-setu\\23112025\\backend\\logs\\combined-2025-11-23.log",
            "hash": "16b1fe7e04e7ada3f5e725d5e0cd23b732ed10f7a112c898bb5aa7733ff1fb44"
        }
    ],
    "hashType": "sha256"
}