{
    "keep": {
        "days": true,
        "amount": 14
    },
    "auditLog": "D:\\DEVLOPMENT\\www\\htdocs\\other_projects\\mantra-setu\\23112025\\backend\\logs\\.c1631b393914505b48f13737d6fd20e7674c9ed9-audit.json",
    "files": [
        {
            "date": 1763897976103,
            "name": "D:\\DEVLOPMENT\\www\\htdocs\\other_projects\\mantra-setu\\23112025\\backend\\logs\\http-2025-11-23.log",
            "hash": "1596d0addb5a6bc40708c78d6d19e478c84efc94eb9b56dea4267d021c2f2dbb"
        }
    ],
    "hashType": "sha256"
}